n_factors,reg_lambda,learning_rate,use_attn,use_gating,original_grid_val_rmse,train_phase_val_rmse,train_phase_epochs,final_test_rmse
4,0.010000,0.010000,False,False,0.857099,0.857001,31,0.860325
8,0.020000,0.010000,False,False,0.850600,0.867853,12,0.869716
16,0.020000,0.010000,False,False,0.851000,0.850981,30,0.852507
32,0.010000,0.001000,False,False,0.853150,0.854194,8,0.856208
64,0.010000,0.001000,False,False,0.853070,0.852575,6,0.854408
128,0.005000,0.001000,False,False,0.852899,0.852452,4,0.854557
256,0.010000,0.000100,False,False,0.853514,0.853822,27,0.855441
