n_factors,reg_lambda,learning_rate,use_attn,use_gating,original_grid_val_rmse,train_phase_val_rmse,train_phase_epochs,final_test_rmse
4,0.010000,0.010000,True,True,0.857901,0.858103,21,0.860180
8,0.010000,0.010000,True,True,0.852461,0.852761,18,0.854270
16,0.020000,0.010000,True,True,0.849065,0.848983,21,0.850729
32,0.020000,0.001000,True,True,0.848092,0.848018,24,0.849697
64,0.010000,0.001000,True,True,0.845794,0.846124,10,0.847238
128,0.010000,0.001000,True,True,0.843662,0.843818,8,0.845245
256,0.010000,0.001000,True,True,0.843779,0.843173,6,0.844013
